index,day,sin
0,2019-01-01,0.0
1,2019-01-02,0.0031830934865848914
2,2019-01-03,0.0063661547217170435
3,2019-01-04,0.009549151454270492
4,2019-01-05,0.012732051433772823
5,2019-01-06,0.015914822410731926
6,2019-01-07,0.01909743213696277
7,2019-01-08,0.022279848365914134
8,2019-01-09,0.025462038852995313
9,2019-01-10,0.028643971355902863
10,2019-01-11,0.03182561363494727
11,2019-01-12,0.03500693345337958
12,2019-01-13,0.038187898577718045
13,2019-01-14,0.04136847677807475
14,2019-01-15,0.0445486358284821
15,2019-01-16,0.04772834350721936
16,2019-01-17,0.05090756759713922
17,2019-01-18,0.05408627588599405
18,2019-01-19,0.057264436166762425
19,2019-01-20,0.060442016237975404
20,2019-01-21,0.06361898390404276
21,2019-01-22,0.06679530697557924
22,2019-01-23,0.06997095326973073
23,2019-01-24,0.0731458906105002
24,2019-01-25,0.07632008682907392
25,2019-01-26,0.07949350976414725
26,2019-01-27,0.0826661272622505
27,2019-01-28,0.08583790717807485
28,2019-01-29,0.08900881737479788
29,2019-01-30,0.09217882572440925
30,2019-01-31,0.09534790010803629
31,2019-02-01,0.09851600841626938
32,2019-02-02,0.10168311854948722
33,2019-02-03,0.10484919841818216
34,2019-02-04,0.10801421594328532
35,2019-02-05,0.11117813905649157
36,2019-02-06,0.11434093570058451
37,2019-02-07,0.11750257382976127
38,2019-02-08,0.1206630214099571
39,2019-02-09,0.12382224641917008
40,2019-02-10,0.12698021684778552
41,2019-02-11,0.13013690069890024
42,2019-02-12,0.13329226598864688
43,2019-02-13,0.1364462807465178
44,2019-02-14,0.1395989130156891
45,2019-02-15,0.14275013085334448
46,2019-02-16,0.14589990233099875
47,2019-02-17,0.14904819553482146
48,2019-02-18,0.15219497856596015
49,2019-02-19,0.1553402195408636
50,2019-02-20,0.15848388659160487
51,2019-02-21,0.16162594786620418
52,2019-02-22,0.16476637152895168
53,2019-02-23,0.16790512576073002
54,2019-02-24,0.17104217875933658
55,2019-02-25,0.17417749873980592
56,2019-02-26,0.17731105393473176
57,2019-02-27,0.18044281259458872
58,2019-02-28,0.18357274298805418
59,2019-03-01,0.1867008134023297
60,2019-03-02,0.18982699214346235
61,2019-03-03,0.19295124753666587
62,2019-03-04,0.1960735479266415
63,2019-03-05,0.19919386167789882
64,2019-03-06,0.20231215717507636
65,2019-03-07,0.2054284028232616
66,2019-03-08,0.2085425670483115
67,2019-03-09,0.21165461829717216
68,2019-03-10,0.21476452503819862
69,2019-03-11,0.21787225576147423
70,2019-03-12,0.2209777789791301
71,2019-03-13,0.22408106322566393
72,2019-03-14,0.227182077058259
73,2019-03-15,0.23028078905710264
74,2019-03-16,0.23337716782570456
75,2019-03-17,0.2364711819912151
76,2019-03-18,0.23956280020474302
77,2019-03-19,0.24265199114167302
78,2019-03-20,0.24573872350198334
79,2019-03-21,0.24882296601056278
80,2019-03-22,0.2519046874175275
81,2019-03-23,0.25498385649853783
82,2019-03-24,0.2580604420551145
83,2019-03-25,0.261134412914955
84,2019-03-26,0.2642057379322487
85,2019-03-27,0.2672743859879935
86,2019-03-28,0.2703403259903103
87,2019-03-29,0.2734035268747583
88,2019-03-30,0.27646395760464976
89,2019-03-31,0.2795215871713644
90,2019-04-01,0.28257638459466383
91,2019-04-02,0.28562831892300505
92,2019-04-03,0.28867735923385424
93,2019-04-04,0.29172347463400033
94,2019-04-05,0.2947666342598674
95,2019-04-06,0.2978068072778281
96,2019-04-07,0.3008439628845155
97,2019-04-08,0.3038780703071355
98,2019-04-09,0.30690909880377854
99,2019-04-10,0.309937017663731
100,2019-04-11,0.31296179620778664
101,2019-04-12,0.31598340378855694
102,2019-04-13,0.3190018097907821
103,2019-04-14,0.32201698363164116
104,2019-04-15,0.3250288947610616
105,2019-04-16,0.3280375126620292
106,2019-04-17,0.33104280685089693
107,2019-04-18,0.33404474687769403
108,2019-04-19,0.33704330232643465
109,2019-04-20,0.34003844281542556
110,2019-04-21,0.3430301379975745
111,2019-04-22,0.3460183575606974
112,2019-04-23,0.3490030712278255
113,2019-04-24,0.351984248757512
114,2019-04-25,0.3549618599441391
115,2019-04-26,0.35793587461822307
116,2019-04-27,0.3609062626467208
117,2019-04-28,0.36387299393333455
118,2019-04-29,0.3668360384188171
119,2019-04-30,0.3697953660812765
120,2019-05-01,0.3727509469364797
121,2019-05-02,0.3757027510381571
122,2019-05-03,0.3786507484783054
123,2019-05-04,0.38159490938749063
124,2019-05-05,0.38453520393515134
125,2019-05-06,0.3874716023299003
126,2019-05-07,0.3904040748198264
127,2019-05-08,0.39333259169279655
128,2019-05-09,0.3962571232767561
129,2019-05-10,0.3991776399400298
130,2019-05-11,0.4020941120916224
131,2019-05-12,0.40500651018151745
132,2019-05-13,0.407914804700978
133,2019-05-14,0.41081896618284447
134,2019-05-15,0.4137189652018338
135,2019-05-16,0.4166147723748376
136,2019-05-17,0.4195063583612196
137,2019-05-18,0.42239369386311293
138,2019-05-19,0.42527674962571727
139,2019-05-20,0.4281554964375951
140,2019-05-21,0.4310299051309676
141,2019-05-22,0.43389994658201025
142,2019-05-23,0.43676559171114787
143,2019-05-24,0.4396268114833494
144,2019-05-25,0.4424835769084219
145,2019-05-26,0.4453358590413044
146,2019-05-27,0.4481836289823611
147,2019-05-28,0.45102685787767416
148,2019-05-29,0.4538655169193363
149,2019-05-30,0.45669957734574246
150,2019-05-31,0.459529010441881
151,2019-06-01,0.4623537875396253
152,2019-06-02,0.4651738800180235
153,2019-06-03,0.4679892593035889
154,2019-06-04,0.4707998968705896
155,2019-06-05,0.473605764241337
156,2019-06-06,0.47640683298647474
157,2019-06-07,0.4792030747252668
158,2019-06-08,0.48199446112588484
159,2019-06-09,0.4847809639056953
160,2019-06-10,0.487562554831546
161,2019-06-11,0.49033920572005235
162,2019-06-12,0.4931108884378825
163,2019-06-13,0.4958775749020428
164,2019-06-14,0.4986392370801623
165,2019-06-15,0.5013958469907764
166,2019-06-16,0.5041473767036111
167,2019-06-17,0.5068937983398649
168,2019-06-18,0.5096350840724923
169,2019-06-19,0.5123712061264852
170,2019-06-20,0.5151021367791545
171,2019-06-21,0.5178278483604111
172,2019-06-22,0.5205483132530457
173,2019-06-23,0.5232635038930095
174,2019-06-24,0.5259733927696926
175,2019-06-25,0.5286779524262035
176,2019-06-26,0.5313771554596466
177,2019-06-27,0.5340709745214004
178,2019-06-28,0.5367593823173945
179,2019-06-29,0.5394423516083858
180,2019-06-30,0.5421198552102349
181,2019-07-01,0.5447918659941812
182,2019-07-02,0.5474583568871181
183,2019-07-03,0.5501193008718669
184,2019-07-04,0.5527746709874511
185,2019-07-05,0.5554244403293692
186,2019-07-06,0.5580685820498671
187,2019-07-07,0.5607070693582105
188,2019-07-08,0.5633398755209563
189,2019-07-09,0.5659669738622235
190,2019-07-10,0.5685883377639631
191,2019-07-11,0.5712039406662283
192,2019-07-12,0.573813756067443
193,2019-07-13,0.5764177575246714
194,2019-07-14,0.5790159186538844
195,2019-07-15,0.5816082131302283
196,2019-07-16,0.5841946146882908
197,2019-07-17,0.5867750971223674
198,2019-07-18,0.5893496342867265
199,2019-07-19,0.591918200095875
200,2019-07-20,0.5944807685248221
201,2019-07-21,0.597037313609343
202,2019-07-22,0.5995878094462422
203,2019-07-23,0.6021322301936156
204,2019-07-24,0.6046705500711133
205,2019-07-25,0.6072027433601991
206,2019-07-26,0.6097287844044127
207,2019-07-27,0.6122486476096287
208,2019-07-28,0.6147623074443168
209,2019-07-29,0.6172697384397992
210,2019-07-30,0.6197709151905099
211,2019-07-31,0.6222658123542512
212,2019-08-01,0.6247544046524512
213,2019-08-02,0.6272366668704193
214,2019-08-03,0.6297125738576025
215,2019-08-04,0.632182100527839
216,2019-08-05,0.6346452218596136
217,2019-08-06,0.6371019128963104
218,2019-08-07,0.6395521487464659
219,2019-08-08,0.6419959045840216
220,2019-08-09,0.6444331556485751
221,2019-08-10,0.6468638772456307
222,2019-08-11,0.6492880447468505
223,2019-08-12,0.6517056335903031
224,2019-08-13,0.6541166192807129
225,2019-08-14,0.6565209773897078
226,2019-08-15,0.658918683556068
227,2019-08-16,0.6613097134859709
228,2019-08-17,0.6636940429532389
229,2019-08-18,0.666071647799584
230,2019-08-19,0.6684425039348526
231,2019-08-20,0.6708065873372704
232,2019-08-21,0.6731638740536843
233,2019-08-22,0.6755143401998068
234,2019-08-23,0.6778579619604566
235,2019-08-24,0.6801947155898008
236,2019-08-25,0.682524577411595
237,2019-08-26,0.6848475238194233
238,2019-08-27,0.6871635312769376
239,2019-08-28,0.6894725763180963
240,2019-08-29,0.691774635547401
241,2019-08-30,0.6940696856401353
242,2019-08-31,0.6963577033425993
243,2019-09-01,0.6986386654723467
244,2019-09-02,0.7009125489184183
245,2019-09-03,0.7031793306415778
246,2019-09-04,0.7054389876745434
247,2019-09-05,0.7076914971222222
248,2019-09-06,0.7099368361619413
249,2019-09-07,0.7121749820436786
250,2019-09-08,0.7144059120902945
251,2019-09-09,0.7166296036977605
252,2019-09-10,0.7188460343353895
253,2019-09-11,0.7210551815460626
254,2019-09-12,0.7232570229464579
255,2019-09-13,0.7254515362272762
256,2019-09-14,0.7276386991534683
257,2019-09-15,0.7298184895644589
258,2019-09-16,0.7319908853743726
259,2019-09-17,0.7341558645722563
260,2019-09-18,0.736313405222303
261,2019-09-19,0.7384634854640739
262,2019-09-20,0.7406060835127202
263,2019-09-21,0.7427411776592027
264,2019-09-22,0.7448687462705135
265,2019-09-23,0.7469887677898934
266,2019-09-24,0.749101220737052
267,2019-09-25,0.7512060837083836
268,2019-09-26,0.7533033353771859
269,2019-09-27,0.7553929544938743
270,2019-09-28,0.7574749198861987
271,2019-09-29,0.7595492104594571
272,2019-09-30,0.7616158051967097
273,2019-10-01,0.7636746831589913
274,2019-10-02,0.7657258234855249
275,2019-10-03,0.7677692053939309
276,2019-10-04,0.7698048081804398
277,2019-10-05,0.7718326112201006
278,2019-10-06,0.77385259396699
279,2019-10-07,0.7758647359544213
280,2019-10-08,0.7778690167951506
281,2019-10-09,0.7798654161815848
282,2019-10-10,0.7818539138859856
283,2019-10-11,0.7838344897606763
284,2019-10-12,0.7858071237382441
285,2019-10-13,0.7877717958317456
286,2019-10-14,0.789728486134907
287,2019-10-15,0.7916771748223275
288,2019-10-16,0.793617842149679
289,2019-10-17,0.7955504684539074
290,2019-10-18,0.7974750341534307
291,2019-10-19,0.7993915197483378
292,2019-10-20,0.8012999058205861
293,2019-10-21,0.8032001730341986
294,2019-10-22,0.8050923021354589
295,2019-10-23,0.8069762739531077
296,2019-10-24,0.808852069398535
297,2019-10-25,0.8107196694659761
298,2019-10-26,0.8125790552327014
299,2019-10-27,0.8144302078592104
300,2019-10-28,0.8162731085894214
301,2019-10-29,0.8181077387508618
302,2019-10-30,0.8199340797548575
303,2019-10-31,0.8217521130967207
304,2019-11-01,0.8235618203559381
305,2019-11-02,0.8253631831963568
306,2019-11-03,0.827156183366371
307,2019-11-04,0.8289408026991057
308,2019-11-05,0.8307170231126023
309,2019-11-06,0.8324848266100002
310,2019-11-07,0.8342441952797205
311,2019-11-08,0.8359951112956463
312,2019-11-09,0.8377375569173047
313,2019-11-10,0.8394715144900449
314,2019-11-11,0.8411969664452186
315,2019-11-12,0.842913895300357
316,2019-11-13,0.8446222836593485
317,2019-11-14,0.8463221142126146
318,2019-11-15,0.8480133697372856
319,2019-11-16,0.8496960330973745
320,2019-11-17,0.8513700872439518
321,2019-11-18,0.8530355152153168
322,2019-11-19,0.8546923001371705
323,2019-11-20,0.8563404252227859
324,2019-11-21,0.857979873773179
325,2019-11-22,0.8596106291772767
326,2019-11-23,0.8612326749120865
327,2019-11-24,0.8628459945428628
328,2019-11-25,0.8644505717232739
329,2019-11-26,0.8660463901955676
330,2019-11-27,0.867633433790736
331,2019-11-28,0.869211686428679
332,2019-11-29,0.8707811321183677
333,2019-11-30,0.8723417549580059
334,2019-12-01,0.8738935391351916
335,2019-12-02,0.8754364689270773
336,2019-12-03,0.8769705287005286
337,2019-12-04,0.8784957029122838
338,2019-12-05,0.8800119761091102
339,2019-12-06,0.8815193329279613
340,2019-12-07,0.8830177580961318
341,2019-12-08,0.884507236431414
342,2019-12-09,0.8859877528422496
343,2019-12-10,0.8874592923278838
344,2019-12-11,0.8889218399785168
345,2019-12-12,0.8903753809754553
346,2019-12-13,0.8918199005912623
347,2019-12-14,0.8932553841899065
348,2019-12-15,0.8946818172269102
349,2019-12-16,0.8960991852494976
350,2019-12-17,0.8975074738967401
351,2019-12-18,0.8989066688997023
352,2019-12-19,0.900296756081587
353,2019-12-20,0.9016777213578782
354,2019-12-21,0.903049550736484
355,2019-12-22,0.9044122303178785
356,2019-12-23,0.9057657462952428
357,2019-12-24,0.907110084954604
358,2019-12-25,0.9084452326749755
359,2019-12-26,0.9097711759284937
360,2019-12-27,0.9110879012805561
361,2019-12-28,0.9123953953899568
362,2019-12-29,0.9136936450090221
363,2019-12-30,0.9149826369837442
364,2019-12-31,0.9162623582539147
365,2020-01-01,0.9175327958532572
366,2020-01-02,0.9187939369095587
367,2020-01-03,0.9200457686447993
368,2020-01-04,0.9212882783752824
369,2020-01-05,0.9225214535117631
370,2020-01-06,0.9237452815595755
371,2020-01-07,0.9249597501187591
372,2020-01-08,0.9261648468841855
373,2020-01-09,0.9273605596456819
374,2020-01-10,0.9285468762881551
375,2020-01-11,0.9297237847917148
376,2020-01-12,0.9308912732317945
377,2020-01-13,0.9320493297792736
378,2020-01-14,0.9331979427005955
379,2020-01-15,0.9343371003578884
380,2020-01-16,0.9354667912090815
381,2020-01-17,0.9365870038080233
382,2020-01-18,0.9376977268045964
383,2020-01-19,0.9387989489448337
384,2020-01-20,0.9398906590710315
385,2020-01-21,0.9409728461218629
386,2020-01-22,0.9420454991324899
387,2020-01-23,0.9431086072346745
388,2020-01-24,0.9441621596568883
389,2020-01-25,0.9452061457244229
390,2020-01-26,0.9462405548594964
391,2020-01-27,0.9472653765813623
392,2020-01-28,0.9482806005064142
393,2020-01-29,0.9492862163482918
394,2020-01-30,0.9502822139179847
395,2020-01-31,0.9512685831239367
396,2020-02-01,0.9522453139721462
397,2020-02-02,0.9532123965662693
398,2020-02-03,0.9541698211077189
399,2020-02-04,0.9551175778957642
400,2020-02-05,0.9560556573276295
401,2020-02-06,0.9569840498985911
402,2020-02-07,0.9579027462020735
403,2020-02-08,0.9588117369297446
404,2020-02-09,0.959711012871611
405,2020-02-10,0.9606005649161096
406,2020-02-11,0.9614803840502016
407,2020-02-12,0.9623504613594632
408,2020-02-13,0.9632107880281752
409,2020-02-14,0.9640613553394134
410,2020-02-15,0.9649021546751365
411,2020-02-16,0.9657331775162733
412,2020-02-17,0.966554415442809
413,2020-02-18,0.9673658601338707
414,2020-02-19,0.968167503367812
415,2020-02-20,0.9689593370222954
416,2020-02-21,0.9697413530743753
417,2020-02-22,0.9705135436005793
418,2020-02-23,0.9712759007769882
419,2020-02-24,0.9720284168793154
420,2020-02-25,0.972771084282985
421,2020-02-26,0.9735038954632094
422,2020-02-27,0.9742268429950652
423,2020-02-28,0.9749399195535686
424,2020-02-29,0.9756431179137498
425,2020-03-01,0.9763364309507256
426,2020-03-02,0.9770198516397722
427,2020-03-03,0.9776933730563963
428,2020-03-04,0.9783569883764046
429,2020-03-05,0.9790106908759741
430,2020-03-06,0.9796544739317193
431,2020-03-07,0.9802883310207594
432,2020-03-08,0.980912255720785
433,2020-03-09,0.9815262417101223
434,2020-03-10,0.9821302827677979
435,2020-03-11,0.9827243727736016
436,2020-03-12,0.9833085057081481
437,2020-03-13,0.9838826756529383
438,2020-03-14,0.9844468767904194
439,2020-03-15,0.9850011034040436
440,2020-03-16,0.9855453498783258
441,2020-03-17,0.986079610698901
442,2020-03-18,0.98660388045258
443,2020-03-19,0.987118153827404
444,2020-03-20,0.9876224256126988
445,2020-03-21,0.988116690699127
446,2020-03-22,0.9886009440787408
447,2020-03-23,0.9890751808450317
448,2020-03-24,0.9895393961929806
449,2020-03-25,0.9899935854191068
450,2020-03-26,0.990437743921515
451,2020-03-27,0.9908718671999425
452,2020-03-28,0.9912959508558047
453,2020-03-29,0.9917099905922394
454,2020-03-30,0.9921139822141504
455,2020-03-31,0.9925079216282504
456,2020-04-01,0.9928918048431018
457,2020-04-02,0.993265627969158
458,2020-04-03,0.9936293872188018
459,2020-04-04,0.9939830789063845
460,2020-04-05,0.9943266994482632
461,2020-04-06,0.9946602453628369
462,2020-04-07,0.9949837132705817
463,2020-04-08,0.9952970998940851
464,2020-04-09,0.9956004020580796
465,2020-04-10,0.9958936166894744
466,2020-04-11,0.9961767408173865
467,2020-04-12,0.9964497715731712
468,2020-04-13,0.9967127061904509
469,2020-04-14,0.9969655420051432
470,2020-04-15,0.9972082764554879
471,2020-04-16,0.9974409070820729
472,2020-04-17,0.9976634315278591
473,2020-04-18,0.9978758475382044
474,2020-04-19,0.9980781529608863
475,2020-04-20,0.9982703457461243
476,2020-04-21,0.9984524239465998
477,2020-04-22,0.9986243857174766
478,2020-04-23,0.9987862293164191
479,2020-04-24,0.9989379531036103
480,2020-04-25,0.999079555541768
481,2020-04-26,0.9992110351961607
482,2020-04-27,0.9993323907346222
483,2020-04-28,0.9994436209275648
484,2020-04-29,0.999544724647992
485,2020-04-30,0.9996357008715099
486,2020-05-01,0.9997165486763373
487,2020-05-02,0.9997872672433153
488,2020-05-03,0.9998478558559158
489,2020-05-04,0.9998983139002482
490,2020-05-05,0.9999386408650661
491,2020-05-06,0.9999688363417721
492,2020-05-07,0.9999889000244226
493,2020-05-08,0.99999883170973
494,2020-05-09,0.9999986312970653
495,2020-05-10,0.9999882987884593
496,2020-05-11,0.999967834288602
497,2020-05-12,0.999937238004842
498,2020-05-13,0.9998965102471841
499,2020-05-14,0.9998456514282865
500,2020-05-15,0.9997846620634563
501,2020-05-16,0.9997135427706445
502,2020-05-17,0.9996322942704396
503,2020-05-18,0.9995409173860602
504,2020-05-19,0.999439413043347
505,2020-05-20,0.9993277822707533
506,2020-05-21,0.9992060261993341
507,2020-05-22,0.9990741460627353
508,2020-05-23,0.998932143197181
509,2020-05-24,0.99878001904146
510,2020-05-25,0.9986177751369107
511,2020-05-26,0.9984454131274062
512,2020-05-27,0.9982629347593374
513,2020-05-28,0.9980703418815952
514,2020-05-29,0.9978676364455515
515,2020-05-30,0.9976548205050404
516,2020-05-31,0.9974318962163361
517,2020-06-01,0.9971988658381321
518,2020-06-02,0.9969557317315179
519,2020-06-03,0.9967024963599547
520,2020-06-04,0.9964391622892512
521,2020-06-05,0.9961657321875372
522,2020-06-06,0.9958822088252366
523,2020-06-07,0.9955885950750389
524,2020-06-08,0.9952848939118711
525,2020-06-09,0.9949711084128667
526,2020-06-10,0.994647241757335
527,2020-06-11,0.9943132972267281
528,2020-06-12,0.993969278204609
529,2020-06-13,0.9936151881766162
530,2020-06-14,0.9932510307304285
531,2020-06-15,0.9928768095557294
532,2020-06-16,0.9924925284441688
533,2020-06-17,0.9920981912893251
534,2020-06-18,0.9916938020866657
535,2020-06-19,0.9912793649335064
536,2020-06-20,0.99085488402897
537,2020-06-21,0.9904203636739435
538,2020-06-22,0.989975808271035
539,2020-06-23,0.9895212223245287
540,2020-06-24,0.989056610440339
541,2020-06-25,0.9885819773259649
542,2020-06-26,0.988097327790441
543,2020-06-27,0.9876026667442899
544,2020-06-28,0.9870979991994712
545,2020-06-29,0.9865833302693322
546,2020-06-30,0.9860586651685549
547,2020-07-01,0.9855240092131038
548,2020-07-02,0.9849793678201717
549,2020-07-03,0.984424746508125
550,2020-07-04,0.9838601508964477
551,2020-07-05,0.9832855867056847
552,2020-07-06,0.9827010597573831
553,2020-07-07,0.9821065759740345
554,2020-07-08,0.9815021413790138
555,2020-07-09,0.9808877620965186
556,2020-07-10,0.9802634443515073
557,2020-07-11,0.9796291944696357
558,2020-07-12,0.9789850188771936
559,2020-07-13,0.9783309241010384
560,2020-07-14,0.9776669167685306
561,2020-07-15,0.9769930036074651
562,2020-07-16,0.9763091914460043
563,2020-07-17,0.9756154872126079
564,2020-07-18,0.9749118979359634
565,2020-07-19,0.9741984307449149
566,2020-07-20,0.9734750928683898
567,2020-07-21,0.9727418916353274
568,2020-07-22,0.9719988344746029
569,2020-07-23,0.9712459289149529
570,2020-07-24,0.9704831825848994
571,2020-07-25,0.969710603212672
572,2020-07-26,0.9689281986261296
573,2020-07-27,0.9681359767526813
574,2020-07-28,0.9673339456192064
575,2020-07-29,0.9665221133519722
576,2020-07-30,0.9657004881765525
577,2020-07-31,0.9648690784177438
578,2020-08-01,0.964027892499481
579,2020-08-02,0.9631769389447521
580,2020-08-03,0.9623162263755122
581,2020-08-04,0.9614457635125954
582,2020-08-05,0.9605655591756269
583,2020-08-06,0.959675622282934
584,2020-08-07,0.9587759618514549
585,2020-08-08,0.9578665869966478
586,2020-08-09,0.9569475069323986
587,2020-08-10,0.9560187309709275
588,2020-08-11,0.9550802685226946
589,2020-08-12,0.9541321290963042
590,2020-08-13,0.9531743222984094
591,2020-08-14,0.9522068578336136
592,2020-08-15,0.9512297455043732
593,2020-08-16,0.9502429952108975
594,2020-08-17,0.9492466169510488
595,2020-08-18,0.9482406208202412
596,2020-08-19,0.9472250170113378
597,2020-08-20,0.9461998158145479
598,2020-08-21,0.9451650276173227
599,2020-08-22,0.9441206629042499
600,2020-08-23,0.9430667322569474
601,2020-08-24,0.9420032463539562
602,2020-08-25,0.9409302159706322
603,2020-08-26,0.9398476519790371
604,2020-08-27,0.9387555653478282
605,2020-08-28,0.9376539671421472
606,2020-08-29,0.9365428685235081
607,2020-08-30,0.9354222807496839
608,2020-08-31,0.9342922151745932
609,2020-09-01,0.9331526832481845
610,2020-09-02,0.9320036965163203
611,2020-09-03,0.9308452666206601
612,2020-09-04,0.9296774052985434
613,2020-09-05,0.9285001243828689
614,2020-09-06,0.9273134358019763
615,2020-09-07,0.9261173515795245
616,2020-09-08,0.9249118838343703
617,2020-09-09,0.9236970447804452
618,2020-09-10,0.922472846726632
619,2020-09-11,0.9212393020766395
620,2020-09-12,0.9199964233288779
621,2020-09-13,0.918744223076331
622,2020-09-14,0.9174827140064293
623,2020-09-15,0.9162119089009211
624,2020-09-16,0.9149318206357434
625,2020-09-17,0.9136424621808912
626,2020-09-18,0.9123438466002857
627,2020-09-19,0.9110359870516426
628,2020-09-20,0.9097188967863384
629,2020-09-21,0.9083925891492765
630,2020-09-22,0.9070570775787515
631,2020-09-23,0.9057123756063132
632,2020-09-24,0.9043584968566295
633,2020-09-25,0.9029954550473489
634,2020-09-26,0.9016232639889605
635,2020-09-27,0.9002419375846549
636,2020-09-28,0.8988514898301825
637,2020-09-29,0.8974519348137131
638,2020-09-30,0.8960432867156918
639,2020-10-01,0.8946255598086953
640,2020-10-02,0.8931987684572888
641,2020-10-03,0.8917629271178787
642,2020-10-04,0.8903180503385675
643,2020-10-05,0.888864152759005
644,2020-10-06,0.8874012491102411
645,2020-10-07,0.8859293542145765
646,2020-10-08,0.8844484829854118
647,2020-10-09,0.8829586504270968
648,2020-10-10,0.8814598716347785
649,2020-10-11,0.8799521617942485
650,2020-10-12,0.8784355361817884
651,2020-10-13,0.876910010164015
652,2020-10-14,0.8753755991977261
653,2020-10-15,0.8738323188297418
654,2020-10-16,0.8722801846967481
655,2020-10-17,0.8707192125251387
656,2020-10-18,0.869149418130855
657,2020-10-19,0.8675708174192259
658,2020-10-20,0.8659834263848077
659,2020-10-21,0.8643872611112203
660,2020-10-22,0.8627823377709857
661,2020-10-23,0.8611686726253631
662,2020-10-24,0.8595462820241854
663,2020-10-25,0.857915182405692
664,2020-10-26,0.8562753902963632
665,2020-10-27,0.8546269223107533
666,2020-10-28,0.8529697951513203
667,2020-10-29,0.8513040256082591
668,2020-10-30,0.8496296305593294
669,2020-10-31,0.8479466269696855
670,2020-11-01,0.8462550318917048
671,2020-11-02,0.8445548624648145
672,2020-11-03,0.8428461359153178
673,2020-11-04,0.8411288695562193
674,2020-11-05,0.8394030807870512
675,2020-11-06,0.8376687870936942
676,2020-11-07,0.8359260060482023
677,2020-11-08,0.834174755308625
678,2020-11-09,0.8324150526188265
679,2020-11-10,0.8306469158083084
680,2020-11-11,0.8288703627920264
681,2020-11-12,0.8270854115702111
682,2020-11-13,0.8252920802281839
683,2020-11-14,0.8234903869361754
684,2020-11-15,0.8216803499491395
685,2020-11-16,0.8198619876065698
686,2020-11-17,0.818035318332313
687,2020-11-18,0.8162003606343834
688,2020-11-19,0.8143571331047731
689,2020-11-20,0.8125056544192666
690,2020-11-21,0.8106459433372485
691,2020-11-22,0.8087780187015164
692,2020-11-23,0.8069018994380875
693,2020-11-24,0.8050176045560082
694,2020-11-25,0.8031251531471609
695,2020-11-26,0.8012245643860717
696,2020-11-27,0.7993158575297141
697,2020-11-28,0.7973990519173159
698,2020-11-29,0.7954741669701615
699,2020-11-30,0.7935412221913972
700,2020-12-01,0.7916002371658313
701,2020-12-02,0.7896512315597377
702,2020-12-03,0.7876942251206548
703,2020-12-04,0.7857292376771867
704,2020-12-05,0.7837562891388024
705,2020-12-06,0.7817753994956327
706,2020-12-07,0.7797865888182692
707,2020-12-08,0.7777898772575598
708,2020-12-09,0.7757852850444058
709,2020-12-10,0.7737728324895552
710,2020-12-11,0.7717525399833985
711,2020-12-12,0.7697244279957608
712,2020-12-13,0.7676885170756961
713,2020-12-14,0.7656448278512767
714,2020-12-15,0.7635933810293871
715,2020-12-16,0.7615341973955109
716,2020-12-17,0.7594672978135235
717,2020-12-18,0.757392703225478
718,2020-12-19,0.7553104346513948
719,2020-12-20,0.7532205131890474
720,2020-12-21,0.75112296001375
721,2020-12-22,0.7490177963781415
722,2020-12-23,0.7469050436119711
723,2020-12-24,0.7447847231218813
724,2020-12-25,0.7426568563911929
725,2020-12-26,0.7405214649796847
726,2020-12-27,0.7383785705233775
727,2020-12-28,0.736228194734313
728,2020-12-29,0.7340703594003345
729,2020-12-30,0.7319050863848671
730,2020-12-31,0.7297323976266944
731,2021-01-01,0.7275523151397377
732,2021-01-02,0.7253648610128317
733,2021-01-03,0.7231700574095025
734,2021-01-04,0.7209679265677408
735,2021-01-05,0.7187584907997778
736,2021-01-06,0.7165417724918601
737,2021-01-07,0.7143177941040203
738,2021-01-08,0.7120865781698521
739,2021-01-09,0.7098481472962803
740,2021-01-10,0.7076025241633319
741,2021-01-11,0.7053497315239077
742,2021-01-12,0.7030897922035497
743,2021-01-13,0.7008227291002114
744,2021-01-14,0.6985485651840246
745,2021-01-15,0.6962673234970687
746,2021-01-16,0.6939790271531345
747,2021-01-17,0.6916836993374915
748,2021-01-18,0.689381363306654
749,2021-01-19,0.6870720423881426
750,2021-01-20,0.6847557599802512
751,2021-01-21,0.6824325395518072
752,2021-01-22,0.6801024046419349
753,2021-01-23,0.677765378859817
754,2021-01-24,0.6754214858844559
755,2021-01-25,0.6730707494644323
756,2021-01-26,0.6707131934176658
757,2021-01-27,0.6683488416311727
758,2021-01-28,0.6659777180608256
759,2021-01-29,0.6635998467311084
760,2021-01-30,0.6612152517348749
761,2021-01-31,0.6588239572331033
762,2021-02-01,0.6564259874546517
763,2021-02-02,0.654021366696014
764,2021-02-03,0.6516101193210713
765,2021-02-04,0.6491922697608464
766,2021-02-05,0.6467678425132574
767,2021-02-06,0.6443368621428669
768,2021-02-07,0.641899353280635
769,2021-02-08,0.6394553406236688
770,2021-02-09,0.6370048489349738
771,2021-02-10,0.6345479030432002
772,2021-02-11,0.6320845278423934
773,2021-02-12,0.6296147482917422
774,2021-02-13,0.6271385894153234
775,2021-02-14,0.6246560763018515
776,2021-02-15,0.6221672341044213
777,2021-02-16,0.6196720880402555
778,2021-02-17,0.6171706633904477
779,2021-02-18,0.6146629854997075
780,2021-02-19,0.6121490797761028
781,2021-02-20,0.609628971690802
782,2021-02-21,0.6071026867778169
783,2021-02-22,0.6045702506337441
784,2021-02-23,0.6020316889175041
785,2021-02-24,0.5994870273500839
786,2021-02-25,0.5969362917142729
787,2021-02-26,0.5943795078544054
788,2021-02-27,0.591816701676096
789,2021-02-28,0.5892478991459783
790,2021-03-01,0.5866731262914412
791,2021-03-02,0.5840924092003668
792,2021-03-03,0.5815057740208635
793,2021-03-04,0.5789132469610031
794,2021-03-05,0.5763148542885542
795,2021-03-06,0.5737106223307173
796,2021-03-07,0.5711005774738559
797,2021-03-08,0.5684847461632316
798,2021-03-09,0.5658631549027341
799,2021-03-10,0.5632358302546144
800,2021-03-11,0.560602798839214
801,2021-03-12,0.5579640873346965
802,2021-03-13,0.5553197224767765
803,2021-03-14,0.5526697310584491
804,2021-03-15,0.5500141399297179
805,2021-03-16,0.5473529759973245
806,2021-03-17,0.544686266224474
807,2021-03-18,0.5420140376305627
808,2021-03-19,0.5393363172909035
809,2021-03-20,0.5366531323364538
810,2021-03-21,0.5339645099535378
811,2021-03-22,0.5312704773835727
812,2021-03-23,0.5285710619227924
813,2021-03-24,0.5258662909219698
814,2021-03-25,0.5231561917861435
815,2021-03-26,0.5204407919743346
816,2021-03-27,0.5177201189992721
817,2021-03-28,0.5149942004271135
818,2021-03-29,0.512263063877165
819,2021-03-30,0.5095267370216018
820,2021-03-31,0.5067852475851887
821,2021-04-01,0.5040386233449969
822,2021-04-02,0.5012868921301258
823,2021-04-03,0.49853008182141717
824,2021-04-04,0.49576822035117674
825,2021-04-05,0.4930013357028878
826,2021-04-06,0.49022945591092937
827,2021-04-07,0.4874526090602919
828,2021-04-08,0.4846708232862927
829,2021-04-09,0.4818841267742902
830,2021-04-10,0.47909254775939986
831,2021-04-11,0.47629611452620724
832,2021-04-12,0.4734948554084805
833,2021-04-13,0.4706887987888843
834,2021-04-14,0.46787797309869317
835,2021-04-15,0.4650624068175013
836,2021-04-16,0.46224212847293533
837,2021-04-17,0.45941716664036525
838,2021-04-18,0.4565875499426137
839,2021-04-19,0.45375330704966943
840,2021-04-20,0.45091446667839175
841,2021-04-21,0.44807105759222315
842,2021-04-22,0.4452231086008967
843,2021-04-23,0.44237064856014385
844,2021-04-24,0.4395137063714038
845,2021-04-25,0.4366523109815282
846,2021-04-26,0.43378649138248876
847,2021-04-27,0.43091627661108495
848,2021-04-28,0.42804169574864825
849,2021-04-29,0.42516277792074736
850,2021-04-30,0.42227955229689373
851,2021-05-01,0.419392048090246
852,2021-05-02,0.4165002945573139
853,2021-05-03,0.4136043209976614
854,2021-05-04,0.4107041567536114
855,2021-05-05,0.40779983120994556
856,2021-05-06,0.4048913737936102
857,2021-05-07,0.4019788139734143
858,2021-05-08,0.3990621812597346
859,2021-05-09,0.3961415052042137
860,2021-05-10,0.393216815399462
861,2021-05-11,0.3902881414787579
862,2021-05-12,0.3873555131157471
863,2021-05-13,0.38441896002414133
864,2021-05-14,0.38147851195742066
865,2021-05-15,0.378534198708527
866,2021-05-16,0.3755860501095655
867,2021-05-17,0.3726340960315014
868,2021-05-18,0.3696783663838572
869,2021-05-19,0.3667188911144112
870,2021-05-20,0.3637557002088912
871,2021-05-21,0.3607888236906726
872,2021-05-22,0.3578182916204744
873,2021-05-23,0.35484413409605414
874,2021-05-24,0.35186638125190206
875,2021-05-25,0.348885063258937
876,2021-05-26,0.3459002103242001
877,2021-05-27,0.3429118526905492
878,2021-05-28,0.3399200206363515
879,2021-05-29,0.33692474447517884
880,2021-05-30,0.33392605455549723
881,2021-05-31,0.33092398126036315
882,2021-06-01,0.327918555007112
883,2021-06-02,0.3249098062470534
884,2021-06-03,0.3218977654651598
885,2021-06-04,0.3188824631797592
886,2021-06-05,0.3158639299422254
887,2021-06-06,0.31284219633666865
888,2021-06-07,0.3098172929796248
889,2021-06-08,0.3067892505197485
890,2021-06-09,0.30375809963749767
891,2021-06-10,0.30072387104482584
892,2021-06-11,0.2976865954848699
893,2021-06-12,0.2946463037316402
894,2021-06-13,0.2916030265897062
895,2021-06-14,0.2885567948938861
896,2021-06-15,0.28550763950893304
897,2021-06-16,0.28245559132922593
898,2021-06-17,0.2794006812784513
899,2021-06-18,0.27634294030929313
900,2021-06-19,0.27328239940311877
901,2021-06-20,0.27021908956966467
902,2021-06-21,0.2671530418467221
903,2021-06-22,0.26408428729982414
904,2021-06-23,0.2610128570219283
905,2021-06-24,0.25793878213310306
906,2021-06-25,0.2548620937802132
907,2021-06-26,0.25178282313660333
908,2021-06-27,0.24870100140178142
909,2021-06-28,0.24561665980110362
910,2021-06-29,0.2425298295854577
911,2021-06-30,0.23944054203094645
912,2021-07-01,0.23634882843857008
913,2021-07-02,0.23325472013391071
914,2021-07-03,0.23015824846681382
915,2021-07-04,0.22705944481107
916,2021-07-05,0.22395834056409766
917,2021-07-06,0.22085496714662647
918,2021-07-07,0.21774935600237624
919,2021-07-08,0.2146415385977401
920,2021-07-09,0.21153154642146524
921,2021-07-10,0.20841941098433306
922,2021-07-11,0.20530516381884328
923,2021-07-12,0.2021888364788893
924,2021-07-13,0.19907046053944188
925,2021-07-14,0.19595006759622852
926,2021-07-15,0.19282768926541313
927,2021-07-16,0.1897033571832754
928,2021-07-17,0.18657710300589195
929,2021-07-18,0.18344895840881295
930,2021-07-19,0.1803189550867425
931,2021-07-20,0.17718712475321846
932,2021-07-21,0.17405349914029006
933,2021-07-22,0.17091810999819568
934,2021-07-23,0.1677809890950424
935,2021-07-24,0.16464216821648373
936,2021-07-25,0.16150167916539743
937,2021-07-26,0.15835955376156302
938,2021-07-27,0.15521582384134056
939,2021-07-28,0.15207052125734724
940,2021-07-29,0.1489236778781338
941,2021-07-30,0.14577532558786244
942,2021-07-31,0.1426254962859852
943,2021-08-01,0.139474221886918
944,2021-08-02,0.13632153431971905
945,2021-08-03,0.13316746552776504
946,2021-08-04,0.13001204746842637
947,2021-08-05,0.12685531211274714
948,2021-08-06,0.12369729144511568
949,2021-08-07,0.1205380174629442
950,2021-08-08,0.11737752217634358
951,2021-08-09,0.1142158376077987
952,2021-08-10,0.11105299579184566
953,2021-08-11,0.10788902877474461
954,2021-08-12,0.10472396861415681
955,2021-08-13,0.10155784737881846
956,2021-08-14,0.09839069714821935
957,2021-08-15,0.09522255001227253
958,2021-08-16,0.09205343807099269
959,2021-08-17,0.08888339343416997
960,2021-08-18,0.08571244822104478
961,2021-08-19,0.08254063455998173
962,2021-08-20,0.07936798458814605
963,2021-08-21,0.07619453045117473
964,2021-08-22,0.07302030430285446
965,2021-08-23,0.06984533830479225
966,2021-08-24,0.06666966462609311
967,2021-08-25,0.06349331544303104
968,2021-08-26,0.06031632293872474
969,2021-08-27,0.05713871930281114
970,2021-08-28,0.0539605367311192
971,2021-08-29,0.05078180742534285
972,2021-08-30,0.04760256359271824
973,2021-08-31,0.04442283744569211
974,2021-09-01,0.04124266120159893
975,2021-09-02,0.038062067082333645
976,2021-09-03,0.03488108731402466
977,2021-09-04,0.031699754126709195
978,2021-09-05,0.028518099754003986
979,2021-09-06,0.02533615643278052
980,2021-09-07,0.022153956402837044
981,2021-09-08,0.018971531906575474
982,2021-09-09,0.015788915188669376
983,2021-09-10,0.01260613849574082
984,2021-09-11,0.009423234076032752
985,2021-09-12,0.006240234179082269
986,2021-09-13,0.0030571710553934026
987,2021-09-14,-0.00012592304388785798
988,2021-09-15,-0.0033090158673034545
989,2021-09-16,-0.006492075163406479
990,2021-09-17,-0.009675068681091501
991,2021-09-18,-0.012857964169917791
992,2021-09-19,-0.016040729380439187
993,2021-09-20,-0.019223332064529083
994,2021-09-21,-0.0224057399757076
995,2021-09-22,-0.025587920869468324
996,2021-09-23,-0.028769842503605897
997,2021-09-24,-0.03195147263853914
998,2021-09-25,-0.035132779037643044
999,2021-09-26,-0.03831372946757183
1000,2021-09-27,-0.0414942916985869
1001,2021-09-28,-0.044674433504881574
1002,2021-09-29,-0.04785412266491031
1003,2021-09-30,-0.05103332696171338
1004,2021-10-01,-0.05421201418324374
1005,2021-10-02,-0.057390152122694306
1006,2021-10-03,-0.06056770857882071
1007,2021-10-04,-0.0637446513562729
1008,2021-10-05,-0.06692094826591778
1009,2021-10-06,-0.0700965671251663
1010,2021-10-07,-0.07327147575829991
1011,2021-10-08,-0.07644564199679481
1012,2021-10-09,-0.07961903367965054
1013,2021-10-10,-0.08279161865371458
1014,2021-10-11,-0.08596336477400712
1015,2021-10-12,-0.08913423990404777
1016,2021-10-13,-0.09230421191618193
1017,2021-10-14,-0.09547324869190511
1018,2021-10-15,-0.09864131812218871
1019,2021-10-16,-0.10180838810780535
1020,2021-10-17,-0.10497442655965462
1021,2021-10-18,-0.10813940139908683
1022,2021-10-19,-0.11130328055822891
1023,2021-10-20,-0.11446603198031026
1024,2021-10-21,-0.11762762361998658
1025,2021-10-22,-0.12078802344366335
1026,2021-10-23,-0.12394719942982294
1027,2021-10-24,-0.12710511956934736
1028,2021-10-25,-0.130261751865843
1029,2021-10-26,-0.13341706433596476
1030,2021-10-27,-0.13657102500974114
1031,2021-10-28,-0.13972360193089448
1032,2021-10-29,-0.1428747631571701
1033,2021-10-30,-0.14602447676065644
1034,2021-10-31,-0.14917271082810943
1035,2021-11-01,-0.1523194334612762
1036,2021-11-02,-0.1554646127772166
1037,2021-11-03,-0.1586082169086289
1038,2021-11-04,-0.16175021400417125
1039,2021-11-05,-0.16489057222878364
1040,2021-11-06,-0.16802925976401129
1041,2021-11-07,-0.17116624480832782
1042,2021-11-08,-0.1743014955774563
1043,2021-11-09,-0.1774349803046917
1044,2021-11-10,-0.18056666724122267
1045,2021-11-11,-0.18369652465645367
1046,2021-11-12,-0.18682452083832526
1047,2021-11-13,-0.18995062409363625
1048,2021-11-14,-0.19307480274836555
1049,2021-11-15,-0.19619702514799248
1050,2021-11-16,-0.1993172596578159
1051,2021-11-17,-0.2024354746632776
1052,2021-11-18,-0.20555163857028072
1053,2021-11-19,-0.20866571980551038
1054,2021-11-20,-0.21177768681675355
1055,2021-11-21,-0.21488750807321957
1056,2021-11-22,-0.21799515206585635
1057,2021-11-23,-0.22110058730767446
1058,2021-11-24,-0.2242037823340631
1059,2021-11-25,-0.22730470570310993
1060,2021-11-26,-0.23040332599591795
1061,2021-11-27,-0.2334996118169266
1062,2021-11-28,-0.23659353179422787
1063,2021-11-29,-0.23968505457988573
1064,2021-11-30,-0.2427741488502501
1065,2021-12-01,-0.24586078330627942
1066,2021-12-02,-0.24894492667385454
1067,2021-12-03,-0.2520265477040961
1068,2021-12-04,-0.2551056151736815
1069,2021-12-05,-0.25818209788516144
1070,2021-12-06,-0.2612559646672744
1071,2021-12-07,-0.2643271843752655
1072,2021-12-08,-0.2673957258911984
1073,2021-12-09,-0.2704615581242746
1074,2021-12-10,-0.2735246500111442
1075,2021-12-11,-0.2765849705162243
1076,2021-12-12,-0.27964248863201163
1077,2021-12-13,-0.28269717337939676
1078,2021-12-14,-0.28574899380797847
1079,2021-12-15,-0.28879791899637747
1080,2021-12-16,-0.2918439180525485
1081,2021-12-17,-0.2948869601140942
1082,2021-12-18,-0.29792701434857877
1083,2021-12-19,-0.3009640499538388
1084,2021-12-20,-0.30399803615829646
1085,2021-12-21,-0.3070289422212696
1086,2021-12-22,-0.3100567374332855
1087,2021-12-23,-0.3130813911163906
1088,2021-12-24,-0.3161028726244625
1089,2021-12-25,-0.31912115134351715
1090,2021-12-26,-0.322136196692024
1091,2021-12-27,-0.3251479781212123
1092,2021-12-28,-0.3281564651153821
1093,2021-12-29,-0.3311616271922127
1094,2021-12-30,-0.3341634339030724
1095,2021-12-31,-0.33716185483332517
1096,2022-01-01,-0.3401568596026417
1097,2022-01-02,-0.3431484178653039
1098,2022-01-03,-0.3461364993105159
1099,2022-01-04,-0.34912107366270745
1100,2022-01-05,-0.3521021106818439
1101,2022-01-06,-0.35507958016373087
1102,2022-01-07,-0.35805345194032057
1103,2022-01-08,-0.3610236958800177
1104,2022-01-09,-0.36399028188798477
1105,2022-01-10,-0.36695317990644627
1106,2022-01-11,-0.3699123599149937
1107,2022-01-12,-0.3728677919308907
1108,2022-01-13,-0.3758194460093759
1109,2022-01-14,-0.37876729224396527
1110,2022-01-15,-0.3817113007667575
1111,2022-01-16,-0.38465144174873495
1112,2022-01-17,-0.3875876854000663
1113,2022-01-18,-0.3905200019704092
1114,2022-01-19,-0.39344836174920866
1115,2022-01-20,-0.3963727350660026
1116,2022-01-21,-0.3992930922907195
1117,2022-01-22,-0.4022094038339792
1118,2022-01-23,-0.4051216401473934
1119,2022-01-24,-0.408029771723863
1120,2022-01-25,-0.41093376909788015
1121,2022-01-26,-0.4138336028458248
1122,2022-01-27,-0.41672924358626273
1123,2022-01-28,-0.4196206619802435
1124,2022-01-29,-0.42250782873159887
1125,2022-01-30,-0.4253907145872382
1126,2022-01-31,-0.42826929033744554
1127,2022-02-01,-0.43114352681617524
1128,2022-02-02,-0.4340133949013481
1129,2022-02-03,-0.4368788655151447
1130,2022-02-04,-0.43973990962430304
1131,2022-02-05,-0.4425964982404091
1132,2022-02-06,-0.4454486024201942
1133,2022-02-07,-0.44829619326582476
1134,2022-02-08,-0.45113924192519816
1135,2022-02-09,-0.45397771959223304
1136,2022-02-10,-0.4568115975071621
1137,2022-02-11,-0.4596408469568231
1138,2022-02-12,-0.46246543927495065
1139,2022-02-13,-0.4652853458424637
1140,2022-02-14,-0.4681005380877601
1141,2022-02-15,-0.4709109874870028
1142,2022-02-16,-0.4737166655644099
1143,2022-02-17,-0.47651754389254336
1144,2022-02-18,-0.4793135940925957
1145,2022-02-19,-0.4821047878346797
1146,2022-02-20,-0.4848910968381141
1147,2022-02-21,-0.48767249287170983
1148,2022-02-22,-0.49044894775405645
1149,2022-02-23,-0.4932204333538086
1150,2022-02-24,-0.4959869215899699
1151,2022-02-25,-0.4987483844321776
1152,2022-02-26,-0.5015047939009871
1153,2022-02-27,-0.5042561220681553
1154,2022-02-28,-0.5070023410569223
1155,2022-03-01,-0.5097434230422966
1156,2022-03-02,-0.5124793402513337
1157,2022-03-03,-0.5152100649634207
1158,2022-03-04,-0.5179355695105544
1159,2022-03-05,-0.5206558262776236
1160,2022-03-06,-0.5233708077026882
1161,2022-03-07,-0.5260804862772582
1162,2022-03-08,-0.5287848345465727
1163,2022-03-09,-0.5314838251098789
1164,2022-03-10,-0.5341774306207064
1165,2022-03-11,-0.5368656237871493
1166,2022-03-12,-0.5395483773721392
1167,2022-03-13,-0.5422256641937225
1168,2022-03-14,-0.5448974571253344
1169,2022-03-15,-0.547563729096076
1170,2022-03-16,-0.5502244530909868
1171,2022-03-17,-0.5528796021513198
1172,2022-03-18,-0.5555291493748119
1173,2022-03-19,-0.5581730679159602
1174,2022-03-20,-0.5608113309862919
1175,2022-03-21,-0.5634439118546357
1176,2022-03-22,-0.5660707838473933
1177,2022-03-23,-0.5686919203488094
1178,2022-03-24,-0.5713072948012407
1179,2022-03-25,-0.573916880705426
1180,2022-03-26,-0.5765206516207552
1181,2022-03-27,-0.5791185811655348
1182,2022-03-28,-0.5817106430172571
1183,2022-03-29,-0.5842968109128671
1184,2022-03-30,-0.5868770586490277
1185,2022-03-31,-0.5894513600823856
1186,2022-04-01,-0.5920196891298359
1187,2022-04-02,-0.5945820197687871
1188,2022-04-03,-0.5971383260374235
1189,2022-04-04,-0.5996885820349687
1190,2022-04-05,-0.6022327619219493
1191,2022-04-06,-0.6047708399204554
1192,2022-04-07,-0.6073027903144025
1193,2022-04-08,-0.6098285874497902
1194,2022-04-09,-0.612348205734965
1195,2022-04-10,-0.6148616196408778
1196,2022-04-11,-0.6173688037013437
1197,2022-04-12,-0.6198697325132969
1198,2022-04-13,-0.6223643807370529
1199,2022-04-14,-0.6248527230965619
1200,2022-04-15,-0.6273347343796659
1201,2022-04-16,-0.629810389438354
1202,2022-04-17,-0.6322796631890176
1203,2022-04-18,-0.6347425306127032
1204,2022-04-19,-0.6371989667553682
1205,2022-04-20,-0.639648946728132
1206,2022-04-21,-0.6420924457075281
1207,2022-04-22,-0.6445294389357563
1208,2022-04-23,-0.6469599017209339
1209,2022-04-24,-0.6493838094373451
1210,2022-04-25,-0.6518011375256907
1211,2022-04-26,-0.6542118614933371
1212,2022-04-27,-0.6566159569145646
1213,2022-04-28,-0.6590133994308143
1214,2022-04-29,-0.6614041647509348
1215,2022-04-30,-0.6637882286514297
1216,2022-05-01,-0.6661655669767022
1217,2022-05-02,-0.6685361556392986
1218,2022-05-03,-0.6708999706201546
1219,2022-05-04,-0.6732569879688373
1220,2022-05-05,-0.6756071838037879
1221,2022-05-06,-0.677950534312565
1222,2022-05-07,-0.6802870157520826
1223,2022-05-08,-0.6826166044488549
1224,2022-05-09,-0.6849392767992332
1225,2022-05-10,-0.6872550092696462
1226,2022-05-11,-0.6895637783968388
1227,2022-05-12,-0.6918655607881078
1228,2022-05-13,-0.6941603331215417
1229,2022-05-14,-0.6964480721462551
1230,2022-05-15,-0.6987287546826257
1231,2022-05-16,-0.7010023576225265
1232,2022-05-17,-0.7032688579295632
1233,2022-05-18,-0.705528232639306
1234,2022-05-19,-0.7077804588595221
1235,2022-05-20,-0.7100255137704082
1236,2022-05-21,-0.7122633746248218
1237,2022-05-22,-0.7144940187485103
1238,2022-05-23,-0.716717423540343
1239,2022-05-24,-0.7189335664725378
1240,2022-05-25,-0.721142425090892
1241,2022-05-26,-0.7233439770150067
1242,2022-05-27,-0.7255381999385164
1243,2022-05-28,-0.7277250716293137
1244,2022-05-29,-0.729904569929774
1245,2022-05-30,-0.7320766727569817
1246,2022-05-31,-0.7342413581029529
1247,2022-06-01,-0.7363986040348566
1248,2022-06-02,-0.7385483886952408
1249,2022-06-03,-0.7406906903022513
1250,2022-06-04,-0.742825487149853
1251,2022-06-05,-0.7449527576080501
1252,2022-06-06,-0.7470724801231041
1253,2022-06-07,-0.7491846332177541
1254,2022-06-08,-0.7512891954914328
1255,2022-06-09,-0.7533861456204849
1256,2022-06-10,-0.7554754623583803
1257,2022-06-11,-0.7575571245359325
1258,2022-06-12,-0.759631111061513
1259,2022-06-13,-0.7616974009212611
1260,2022-06-14,-0.7637559731793018
1261,2022-06-15,-0.7658068069779547
1262,2022-06-16,-0.7678498815379465
1263,2022-06-17,-0.7698851761586223
1264,2022-06-18,-0.771912670218152
1265,2022-06-19,-0.773932343173744
1266,2022-06-20,-0.77594417456185
1267,2022-06-21,-0.7779481439983735
1268,2022-06-22,-0.7799442311788761
1269,2022-06-23,-0.7819324158787834
1270,2022-06-24,-0.7839126779535895
1271,2022-06-25,-0.7858849973390623
1272,2022-06-26,-0.7878493540514441
1273,2022-06-27,-0.7898057281876574
1274,2022-06-28,-0.7917540999255047
1275,2022-06-29,-0.7936944495238698
1276,2022-06-30,-0.7956267573229172
1277,2022-07-01,-0.7975510037442923
1278,2022-07-02,-0.7994671692913194
1279,2022-07-03,-0.801375234549198
1280,2022-07-04,-0.8032751801852016
1281,2022-07-05,-0.8051669869488726
1282,2022-07-06,-0.8070506356722175
1283,2022-07-07,-0.8089261072698997
1284,2022-07-08,-0.8107933827394354
1285,2022-07-09,-0.8126524431613845
1286,2022-07-10,-0.8145032696995428
1287,2022-07-11,-0.8163458436011326
1288,2022-07-12,-0.8181801461969931
1289,2022-07-13,-0.8200061589017681
1290,2022-07-14,-0.8218238632140968
1291,2022-07-15,-0.8236332407167997
1292,2022-07-16,-0.8254342730770651
1293,2022-07-17,-0.8272269420466352
1294,2022-07-18,-0.8290112294619915
1295,2022-07-19,-0.8307871172445376
1296,2022-07-20,-0.8325545874007843
1297,2022-07-21,-0.8343136220225287
1298,2022-07-22,-0.8360642032870395
1299,2022-07-23,-0.8378063134572349
1300,2022-07-24,-0.8395399348818634
1301,2022-07-25,-0.8412650499956826
1302,2022-07-26,-0.8429816413196369
1303,2022-07-27,-0.8446896914610338
1304,2022-07-28,-0.846389183113722
1305,2022-07-29,-0.8480800990582656
1306,2022-07-30,-0.8497624221621185
1307,2022-07-31,-0.8514361353797987
1308,2022-08-01,-0.8531012217530592
1309,2022-08-02,-0.8547576644110625
1310,2022-08-03,-0.8564054465705497
1311,2022-08-04,-0.858044551536011
1312,2022-08-05,-0.8596749626998549
1313,2022-08-06,-0.861296663542577
1314,2022-08-07,-0.8629096376329252
1315,2022-08-08,-0.8645138686280693
1316,2022-08-09,-0.8661093402737651
1317,2022-08-10,-0.8676960364045183
1318,2022-08-11,-0.8692739409437497
1319,2022-08-12,-0.870843037903957
1320,2022-08-13,-0.8724033113868777
1321,2022-08-14,-0.8739547455836498
1322,2022-08-15,-0.8754973247749711
1323,2022-08-16,-0.87703103333126
1324,2022-08-17,-0.878555855712813
1325,2022-08-18,-0.8800717764699624
1326,2022-08-19,-0.8815787802432326
1327,2022-08-20,-0.8830768517634963
1328,2022-08-21,-0.8845659758521274
1329,2022-08-22,-0.8860461374211577
1330,2022-08-23,-0.8875173214734277
1331,2022-08-24,-0.8889795131027391
1332,2022-08-25,-0.8904326974940053
1333,2022-08-26,-0.8918768599234027
1334,2022-08-27,-0.8933119857585191
1335,2022-08-28,-0.8947380604585018
1336,2022-08-29,-0.8961550695742054
1337,2022-08-30,-0.8975629987483381
1338,2022-08-31,-0.898961833715607
1339,2022-09-01,-0.9003515603028621
1340,2022-09-02,-0.9017321644292412
1341,2022-09-03,-0.9031036321063118
1342,2022-09-04,-0.9044659494382128
1343,2022-09-05,-0.9058191026217952
1344,2022-09-06,-0.9071630779467627
1345,2022-09-07,-0.9084978617958095
1346,2022-09-08,-0.9098234406447594
1347,2022-09-09,-0.9111398010627014
1348,2022-09-10,-0.9124469297121274
1349,2022-09-11,-0.9137448133490664
1350,2022-09-12,-0.915033438823219
1351,2022-09-13,-0.9163127930780907
1352,2022-09-14,-0.9175828631511228
1353,2022-09-15,-0.9188436361738265
1354,2022-09-16,-0.9200950993719108
1355,2022-09-17,-0.9213372400654134
1356,2022-09-18,-0.9225700456688287
1357,2022-09-19,-0.9237935036912341
1358,2022-09-20,-0.9250076017364192
1359,2022-09-21,-0.926212327503009
1360,2022-09-22,-0.9274076687845899
1361,2022-09-23,-0.9285936134698327
1362,2022-09-24,-0.9297701495426156
1363,2022-09-25,-0.9309372650821464
1364,2022-09-26,-0.9320949482630815
1365,2022-09-27,-0.9332431873556482
1366,2022-09-28,-0.9343819707257618
1367,2022-09-29,-0.9355112868351442
1368,2022-09-30,-0.9366311242414406
1369,2022-10-01,-0.9377414715983354
1370,2022-10-02,-0.9388423176556674
1371,2022-10-03,-0.9399336512595436
1372,2022-10-04,-0.9410154613524515
1373,2022-10-05,-0.9420877369733728
1374,2022-10-06,-0.9431504672578931
1375,2022-10-07,-0.9442036414383125
1376,2022-10-08,-0.9452472488437549
1377,2022-10-09,-0.9462812789002748
1378,2022-10-10,-0.9473057211309664
1379,2022-10-11,-0.9483205651560686
1380,2022-10-12,-0.9493258006930706
1381,2022-10-13,-0.9503214175568149
1382,2022-10-14,-0.9513074056596024
1383,2022-10-15,-0.9522837550112934
1384,2022-10-16,-0.953250455719409
1385,2022-10-17,-0.9542074979892317
1386,2022-10-18,-0.9551548721239039
1387,2022-10-19,-0.9560925685245268
1388,2022-10-20,-0.9570205776902581
1389,2022-10-21,-0.9579388902184061
1390,2022-10-22,-0.9588474968045277
1391,2022-10-23,-0.9597463882425216
1392,2022-10-24,-0.9606355554247207
1393,2022-10-25,-0.9615149893419855
1394,2022-10-26,-0.9623846810837953
1395,2022-10-27,-0.9632446218383374
1396,2022-10-28,-0.9640948028925981
1397,2022-10-29,-0.9649352156324492
1398,2022-10-30,-0.9657658515427366
1399,2022-10-31,-0.9665867022073663
1400,2022-11-01,-0.9673977593093892
1401,2022-11-02,-0.9681990146310853
1402,2022-11-03,-0.968990460054048
1403,2022-11-04,-0.9697720875592653
1404,2022-11-05,-0.9705438892272015
1405,2022-11-06,-0.9713058572378775
1406,2022-11-07,-0.9720579838709495
1407,2022-11-08,-0.9728002615057879
1408,2022-11-09,-0.9735326826215543
1409,2022-11-10,-0.9742552397972775
1410,2022-11-11,-0.9749679257119288
1411,2022-11-12,-0.9756707331444963
1412,2022-11-13,-0.9763636549740579
1413,2022-11-14,-0.9770466841798536
1414,2022-11-15,-0.9777198138413564
1415,2022-11-16,-0.9783830371383426
1416,2022-11-17,-0.9790363473509611
1417,2022-11-18,-0.9796797378598009
1418,2022-11-19,-0.9803132021459589
1419,2022-11-20,-0.9809367337911052
1420,2022-11-21,-0.9815503264775488
1421,2022-11-22,-0.9821539739883015
1422,2022-11-23,-0.9827476702071399
1423,2022-11-24,-0.983331409118669
1424,2022-11-25,-0.983905184808382
1425,2022-11-26,-0.9844689914627208
1426,2022-11-27,-0.9850228233691342
1427,2022-11-28,-0.9855666749161365
1428,2022-11-29,-0.9861005405933643
1429,2022-11-30,-0.9866244149916318
1430,2022-12-01,-0.9871382928029863
1431,2022-12-02,-0.987642168820761
1432,2022-12-03,-0.988136037939629
1433,2022-12-04,-0.9886198951556541
1434,2022-12-05,-0.9890937355663418
1435,2022-12-06,-0.9895575543706893
1436,2022-12-07,-0.9900113468692332
1437,2022-12-08,-0.9904551084640982
1438,2022-12-09,-0.9908888346590433
1439,2022-12-10,-0.9913125210595067
1440,2022-12-11,-0.9917261633726514
1441,2022-12-12,-0.9921297574074083
1442,2022-12-13,-0.9925232990745179
1443,2022-12-14,-0.9929067843865731
1444,2022-12-15,-0.9932802094580586
1445,2022-12-16,-0.9936435705053905
1446,2022-12-17,-0.9939968638469548
1447,2022-12-18,-0.9943400859031446
1448,2022-12-19,-0.9946732331963962
1449,2022-12-20,-0.9949963023512248
1450,2022-12-21,-0.9953092900942581
1451,2022-12-22,-0.99561219325427
1452,2022-12-23,-0.9959050087622124
1453,2022-12-24,-0.9961877336512466
1454,2022-12-25,-0.9964603650567726
1455,2022-12-26,-0.9967229002164595
1456,2022-12-27,-0.9969753364702718
1457,2022-12-28,-0.997217671260498
1458,2022-12-29,-0.9974499021317752
1459,2022-12-30,-0.9976720267311148
1460,2022-12-31,-0.9978840428079259
